{"IcoMoonType":"selection","icons":[{"icon":{"paths":["M512 32l-512 512 96 96 96-96v416h256v-192h128v192h256v-416l96 96 96-96-512-512zM512 448c-35.346 0-64-28.654-64-64s28.654-64 64-64c35.346 0 64 28.654 64 64s-28.654 64-64 64z"],"attrs":[],"isMulticolor":false,"isMulticolor2":false,"tags":["home","house"],"defaultCode":59649,"grid":16},"attrs":[],"properties":{"ligatures":"home2, house2","name":"home2","id":1,"order":37,"prevSize":32,"code":59654},"setIdx":0,"setId":2,"iconIdx":1},{"icon":{"paths":["M0 1024h512v-1024h-512v1024zM320 128h128v128h-128v-128zM320 384h128v128h-128v-128zM320 640h128v128h-128v-128zM64 128h128v128h-128v-128zM64 384h128v128h-128v-128zM64 640h128v128h-128v-128zM576 320h448v64h-448zM576 1024h128v-256h192v256h128v-576h-448z"],"attrs":[],"isMulticolor":false,"isMulticolor2":false,"tags":["office","buildings","work"],"defaultCode":59651,"grid":16},"attrs":[],"properties":{"ligatures":"office, buildings","name":"office","id":3,"order":39,"prevSize":32,"code":59655},"setIdx":0,"setId":2,"iconIdx":3},{"icon":{"paths":["M896 256v-128h-896v704c0 35.346 28.654 64 64 64h864c53.022 0 96-42.978 96-96v-544h-128zM832 832h-768v-640h768v640zM128 320h640v64h-640zM512 448h256v64h-256zM512 576h256v64h-256zM512 704h192v64h-192zM128 448h320v320h-320z"],"attrs":[],"isMulticolor":false,"isMulticolor2":false,"tags":["newspaper","news","paper"],"defaultCode":59652,"grid":16},"attrs":[],"properties":{"ligatures":"newspaper, news","name":"newspaper","id":4,"order":38,"prevSize":32,"code":59656},"setIdx":0,"setId":2,"iconIdx":4},{"icon":{"paths":["M864 0c88.364 0 160 71.634 160 160 0 36.020-11.91 69.258-32 96l-64 64-224-224 64-64c26.742-20.090 59.978-32 96-32zM64 736l-64 288 288-64 592-592-224-224-592 592zM715.578 363.578l-448 448-55.156-55.156 448-448 55.156 55.156z"],"attrs":[],"isMulticolor":false,"isMulticolor2":false,"tags":["pencil","write","edit"],"defaultCode":59653,"grid":16},"attrs":[],"properties":{"ligatures":"pencil, write","name":"pencil","id":5,"order":40,"prevSize":32,"code":59657},"setIdx":0,"setId":2,"iconIdx":5},{"icon":{"paths":["M864 0h-768c-52.8 0-96 43.2-96 96v832c0 52.8 43.2 96 96 96h768c52.8 0 96-43.2 96-96v-832c0-52.8-43.2-96-96-96zM832 896h-704v-768h704v768zM256 576h448v64h-448zM256 704h448v64h-448zM320 288c0-53.019 42.981-96 96-96s96 42.981 96 96c0 53.019-42.981 96-96 96s-96-42.981-96-96zM480 384h-128c-52.8 0-96 28.8-96 64v64h320v-64c0-35.2-43.2-64-96-64z"],"attrs":[],"isMulticolor":false,"isMulticolor2":false,"tags":["profile","file","document","page","user","paper"],"defaultCode":59683,"grid":16},"attrs":[],"properties":{"ligatures":"profile, file2","name":"profile","id":35,"order":41,"prevSize":32,"code":59683},"setIdx":0,"setId":2,"iconIdx":35},{"icon":{"paths":["M928 128h-832c-52.8 0-96 43.2-96 96v576c0 52.8 43.2 96 96 96h832c52.8 0 96-43.2 96-96v-576c0-52.8-43.2-96-96-96zM96 192h832c17.346 0 32 14.654 32 32v96h-896v-96c0-17.346 14.654-32 32-32zM928 832h-832c-17.346 0-32-14.654-32-32v-288h896v288c0 17.346-14.654 32-32 32zM128 640h64v128h-64zM256 640h64v128h-64zM384 640h64v128h-64z"],"attrs":[],"isMulticolor":false,"isMulticolor2":false,"tags":["credit-card","money","payment","ecommerce"],"defaultCode":59711,"grid":16},"attrs":[],"properties":{"ligatures":"credit-card, money5","name":"credit-card","id":63,"order":49,"prevSize":32,"code":59711},"setIdx":0,"setId":2,"iconIdx":63},{"icon":{"paths":["M192 0v1024h768v-1024h-768zM576 256.33c70.51 0 127.67 57.16 127.67 127.67s-57.16 127.67-127.67 127.67-127.67-57.16-127.67-127.67 57.16-127.67 127.67-127.67v0zM768 768h-384v-64c0-70.696 57.306-128 128-128v0h128c70.696 0 128 57.304 128 128v64z","M64 64h96v192h-96v-192z","M64 320h96v192h-96v-192z","M64 576h96v192h-96v-192z","M64 832h96v192h-96v-192z"],"attrs":[],"isMulticolor":false,"isMulticolor2":false,"tags":["address-book","contact","book","contacts"],"defaultCode":59716,"grid":16},"attrs":[],"properties":{"ligatures":"address-book, contact","name":"address-book","id":68,"order":42,"prevSize":32,"code":59716},"setIdx":0,"setId":2,"iconIdx":68},{"icon":{"paths":["M928 128h-832c-52.8 0-96 43.2-96 96v640c0 52.8 43.2 96 96 96h832c52.8 0 96-43.2 96-96v-640c0-52.8-43.2-96-96-96zM398.74 550.372l-270.74 210.892v-501.642l270.74 290.75zM176.38 256h671.24l-335.62 252-335.62-252zM409.288 561.698l102.712 110.302 102.71-110.302 210.554 270.302h-626.528l210.552-270.302zM625.26 550.372l270.74-290.75v501.642l-270.74-210.892z"],"attrs":[],"isMulticolor":false,"isMulticolor2":false,"tags":["envelop","mail","email","contact","letter"],"defaultCode":59717,"grid":16},"attrs":[],"properties":{"ligatures":"envelop, mail","name":"envelop","id":69,"order":43,"prevSize":32,"code":59717},"setIdx":0,"setId":2,"iconIdx":69},{"icon":{"paths":["M512 0c-176.732 0-320 143.268-320 320 0 320 320 704 320 704s320-384 320-704c0-176.732-143.27-320-320-320zM512 512c-106.040 0-192-85.96-192-192s85.96-192 192-192 192 85.96 192 192-85.96 192-192 192z"],"attrs":[],"isMulticolor":false,"isMulticolor2":false,"tags":["location","map-marker","pin"],"defaultCode":59719,"grid":16},"attrs":[],"properties":{"ligatures":"location, map-marker","name":"location","id":71,"order":44,"prevSize":32,"code":59719},"setIdx":0,"setId":2,"iconIdx":71},{"icon":{"paths":["M0 192l320-128v768l-320 128z","M384 32l320 192v736l-320-160z","M768 224l256-192v768l-256 192z"],"attrs":[],"isMulticolor":false,"isMulticolor2":false,"tags":["map","guide"],"defaultCode":59723,"grid":16},"attrs":[],"properties":{"ligatures":"map, guide","name":"map","id":75,"order":46,"prevSize":32,"code":59723},"setIdx":0,"setId":2,"iconIdx":75},{"icon":{"paths":["M672 192l-320-128-352 128v768l352-128 320 128 352-128v-768l-352 128zM384 145.73l256 102.4v630.138l-256-102.398v-630.14zM64 236.828l256-93.090v631.8l-256 93.088v-631.798zM960 787.172l-256 93.092v-631.8l256-93.090v631.798z"],"attrs":[],"isMulticolor":false,"isMulticolor2":false,"tags":["map","guide"],"defaultCode":59724,"grid":16},"attrs":[],"properties":{"ligatures":"map2, guide2","name":"map2","id":76,"order":45,"prevSize":32,"code":59724},"setIdx":0,"setId":2,"iconIdx":76},{"icon":{"paths":["M320 384h128v128h-128zM512 384h128v128h-128zM704 384h128v128h-128zM128 768h128v128h-128zM320 768h128v128h-128zM512 768h128v128h-128zM320 576h128v128h-128zM512 576h128v128h-128zM704 576h128v128h-128zM128 576h128v128h-128zM832 0v64h-128v-64h-448v64h-128v-64h-128v1024h960v-1024h-128zM896 960h-832v-704h832v704z"],"attrs":[],"isMulticolor":false,"isMulticolor2":false,"tags":["calendar","date","schedule","time","day"],"defaultCode":59731,"grid":16},"attrs":[],"properties":{"ligatures":"calendar, date","name":"calendar","id":83,"order":50,"prevSize":32,"code":59731},"setIdx":0,"setId":2,"iconIdx":83},{"icon":{"paths":["M384 736c0-151.234 95.874-280.486 230.032-330.2 16.28-36.538 25.968-77.164 25.968-117.8 0-159.058 0-288-192-288s-192 128.942-192 288c0 99.060 57.502 198.104 128 237.832v52.78c-217.102 17.748-384 124.42-384 253.388h397.306c-8.664-30.53-13.306-62.732-13.306-96z","M736 448c-159.058 0-288 128.942-288 288s128.942 288 288 288c159.056 0 288-128.942 288-288s-128.942-288-288-288zM896 768h-320v-64h320v64z"],"width":1024,"attrs":[],"isMulticolor":false,"isMulticolor2":false,"tags":["user-minus","user","user-remove","profile","avatar","person","member"],"defaultCode":59764,"grid":16},"attrs":[],"properties":{"ligatures":"user-minus, user3","name":"user-minus","id":116,"order":47,"prevSize":32,"code":59764},"setIdx":0,"setId":2,"iconIdx":116},{"icon":{"paths":["M1024 576l-128-256h-192v-128c0-35.2-28.8-64-64-64h-576c-35.2 0-64 28.8-64 64v512l64 64h81.166c-10.898 18.832-17.166 40.678-17.166 64 0 70.692 57.308 128 128 128s128-57.308 128-128c0-23.322-6.268-45.168-17.166-64h354.334c-10.898 18.832-17.168 40.678-17.168 64 0 70.692 57.308 128 128 128s128-57.308 128-128c0-23.322-6.27-45.168-17.168-64h81.168v-192zM704 576v-192h132.668l96 192h-228.668z"],"attrs":[],"isMulticolor":false,"isMulticolor2":false,"tags":["truck","transit","transport","delivery","vehicle"],"defaultCode":59824,"grid":16},"attrs":[],"properties":{"ligatures":"truck, transit","name":"truck","id":176,"order":48,"prevSize":32,"code":59824},"setIdx":0,"setId":2,"iconIdx":176},{"icon":{"paths":["M192 128l640 384-640 384z"],"attrs":[],"isMulticolor":false,"isMulticolor2":false,"tags":["play","player"],"defaultCode":59932,"grid":16},"attrs":[],"properties":{"ligatures":"play3, player8","name":"play3","id":284,"order":21,"prevSize":32,"code":59932},"setIdx":0,"setId":2,"iconIdx":284},{"icon":{"paths":["M128 128h320v768h-320zM576 128h320v768h-320z"],"attrs":[],"isMulticolor":false,"isMulticolor2":false,"tags":["pause","player"],"defaultCode":59933,"grid":16},"attrs":[],"properties":{"ligatures":"pause2, player9","name":"pause2","id":285,"order":22,"prevSize":32,"code":59933},"setIdx":0,"setId":2,"iconIdx":285},{"icon":{"paths":["M128 128h768v768h-768z"],"attrs":[],"isMulticolor":false,"isMulticolor2":false,"tags":["stop","player","square"],"defaultCode":59934,"grid":16},"attrs":[],"properties":{"ligatures":"stop2, player10","name":"stop2","id":286,"order":23,"prevSize":32,"code":59934},"setIdx":0,"setId":2,"iconIdx":286},{"icon":{"paths":["M576 160v320l320-320v704l-320-320v320l-352-352z"],"attrs":[],"isMulticolor":false,"isMulticolor2":false,"tags":["backward","player"],"defaultCode":59935,"grid":16},"attrs":[],"properties":{"ligatures":"backward2, player11","name":"backward2","id":287,"order":24,"prevSize":32,"code":59935},"setIdx":0,"setId":2,"iconIdx":287},{"icon":{"paths":["M512 864v-320l-320 320v-704l320 320v-320l352 352z"],"attrs":[],"isMulticolor":false,"isMulticolor2":false,"tags":["forward","player"],"defaultCode":59936,"grid":16},"attrs":[],"properties":{"ligatures":"forward3, player12","name":"forward3","id":288,"order":25,"prevSize":32,"code":59936},"setIdx":0,"setId":2,"iconIdx":288},{"icon":{"paths":["M128 896v-768h128v352l320-320v320l320-320v704l-320-320v320l-320-320v352z"],"attrs":[],"isMulticolor":false,"isMulticolor2":false,"tags":["first","player"],"defaultCode":59937,"grid":16},"attrs":[],"properties":{"ligatures":"first, player13","name":"first","id":289,"order":26,"prevSize":32,"code":59937},"setIdx":0,"setId":2,"iconIdx":289},{"icon":{"paths":["M896 128v768h-128v-352l-320 320v-320l-320 320v-704l320 320v-320l320 320v-352z"],"attrs":[],"isMulticolor":false,"isMulticolor2":false,"tags":["last","player"],"defaultCode":59938,"grid":16},"attrs":[],"properties":{"ligatures":"last, player14","name":"last","id":290,"order":27,"prevSize":32,"code":59938},"setIdx":0,"setId":2,"iconIdx":290},{"icon":{"paths":["M256 896v-768h128v352l320-320v704l-320-320v352z"],"attrs":[],"isMulticolor":false,"isMulticolor2":false,"tags":["previous","player"],"defaultCode":59939,"grid":16},"attrs":[],"properties":{"ligatures":"previous2, player15","name":"previous2","id":291,"order":28,"prevSize":32,"code":59939},"setIdx":0,"setId":2,"iconIdx":291},{"icon":{"paths":["M768 128v768h-128v-352l-320 320v-704l320 320v-352z"],"attrs":[],"isMulticolor":false,"isMulticolor2":false,"tags":["next","player"],"defaultCode":59940,"grid":16},"attrs":[],"properties":{"ligatures":"next2, player16","name":"next2","id":292,"order":29,"prevSize":32,"code":59940},"setIdx":0,"setId":2,"iconIdx":292},{"icon":{"paths":["M890.040 922.040c-12.286 0-24.566-4.686-33.942-14.056-18.744-18.746-18.744-49.136 0-67.882 87.638-87.642 135.904-204.16 135.904-328.1 0-123.938-48.266-240.458-135.904-328.098-18.744-18.746-18.744-49.138 0-67.882s49.138-18.744 67.882 0c105.77 105.772 164.022 246.4 164.022 395.98s-58.252 290.208-164.022 395.98c-9.372 9.372-21.656 14.058-33.94 14.058zM719.53 831.53c-12.286 0-24.566-4.686-33.942-14.056-18.744-18.744-18.744-49.136 0-67.882 131.006-131.006 131.006-344.17 0-475.176-18.744-18.746-18.744-49.138 0-67.882 18.744-18.742 49.138-18.744 67.882 0 81.594 81.59 126.53 190.074 126.53 305.466 0 115.39-44.936 223.876-126.53 305.47-9.372 9.374-21.656 14.060-33.94 14.060v0zM549.020 741.020c-12.286 0-24.568-4.686-33.942-14.058-18.746-18.746-18.746-49.134 0-67.88 81.1-81.1 81.1-213.058 0-294.156-18.746-18.746-18.746-49.138 0-67.882s49.136-18.744 67.882 0c118.53 118.53 118.53 311.392 0 429.922-9.372 9.368-21.656 14.054-33.94 14.054z","M416.006 960c-8.328 0-16.512-3.25-22.634-9.374l-246.626-246.626h-114.746c-17.672 0-32-14.326-32-32v-320c0-17.672 14.328-32 32-32h114.746l246.626-246.628c9.154-9.154 22.916-11.89 34.874-6.936 11.958 4.952 19.754 16.622 19.754 29.564v832c0 12.944-7.796 24.612-19.754 29.564-3.958 1.64-8.118 2.436-12.24 2.436z"],"width":1088,"attrs":[],"isMulticolor":false,"isMulticolor2":false,"tags":["volume-high","volume","audio","speaker","player"],"defaultCode":59942,"grid":16},"attrs":[],"properties":{"ligatures":"volume-high, volume","name":"volume-high","id":294,"order":14,"prevSize":32,"code":59942},"setIdx":0,"setId":2,"iconIdx":294},{"icon":{"paths":["M719.53 831.53c-12.286 0-24.566-4.686-33.942-14.056-18.744-18.744-18.744-49.136 0-67.882 131.006-131.006 131.006-344.17 0-475.176-18.744-18.746-18.744-49.138 0-67.882 18.744-18.742 49.138-18.744 67.882 0 81.594 81.59 126.53 190.074 126.53 305.466 0 115.39-44.936 223.876-126.53 305.47-9.372 9.374-21.656 14.060-33.94 14.060v0zM549.020 741.020c-12.286 0-24.566-4.686-33.942-14.058-18.746-18.746-18.746-49.134 0-67.88 81.1-81.1 81.1-213.058 0-294.156-18.746-18.746-18.746-49.138 0-67.882s49.136-18.744 67.882 0c118.53 118.53 118.53 311.392 0 429.922-9.372 9.368-21.656 14.054-33.94 14.054z","M416.006 960c-8.328 0-16.512-3.25-22.634-9.374l-246.626-246.626h-114.746c-17.672 0-32-14.326-32-32v-320c0-17.672 14.328-32 32-32h114.746l246.626-246.628c9.154-9.154 22.916-11.89 34.874-6.936 11.958 4.952 19.754 16.622 19.754 29.564v832c0 12.944-7.796 24.612-19.754 29.564-3.958 1.64-8.118 2.436-12.24 2.436z"],"attrs":[],"isMulticolor":false,"isMulticolor2":false,"tags":["volume-medium","volume","audio","speaker","player"],"defaultCode":59943,"grid":16},"attrs":[],"properties":{"ligatures":"volume-medium, volume2","name":"volume-medium","id":295,"order":15,"prevSize":32,"code":59943},"setIdx":0,"setId":2,"iconIdx":295},{"icon":{"paths":["M549.020 741.020c-12.286 0-24.566-4.686-33.942-14.058-18.746-18.746-18.746-49.134 0-67.88 81.1-81.1 81.1-213.058 0-294.156-18.746-18.746-18.746-49.138 0-67.882s49.136-18.744 67.882 0c118.53 118.53 118.53 311.392 0 429.922-9.372 9.368-21.656 14.054-33.94 14.054z","M416.006 960c-8.328 0-16.512-3.25-22.634-9.374l-246.626-246.626h-114.746c-17.672 0-32-14.326-32-32v-320c0-17.672 14.328-32 32-32h114.746l246.626-246.628c9.154-9.154 22.916-11.89 34.874-6.936 11.958 4.952 19.754 16.622 19.754 29.564v832c0 12.944-7.796 24.612-19.754 29.564-3.958 1.64-8.118 2.436-12.24 2.436z"],"attrs":[],"isMulticolor":false,"isMulticolor2":false,"tags":["volume-low","volume","audio","speaker","player"],"defaultCode":59944,"grid":16},"attrs":[],"properties":{"ligatures":"volume-low, volume3","name":"volume-low","id":296,"order":16,"prevSize":32,"code":59944},"setIdx":0,"setId":2,"iconIdx":296},{"icon":{"paths":["M416.006 960c-8.328 0-16.512-3.25-22.634-9.374l-246.626-246.626h-114.746c-17.672 0-32-14.326-32-32v-320c0-17.672 14.328-32 32-32h114.746l246.626-246.628c9.154-9.154 22.916-11.89 34.874-6.936 11.958 4.952 19.754 16.622 19.754 29.564v832c0 12.944-7.796 24.612-19.754 29.564-3.958 1.64-8.118 2.436-12.24 2.436z"],"attrs":[],"isMulticolor":false,"isMulticolor2":false,"tags":["volume-mute","volume","audio","speaker","player"],"defaultCode":59945,"grid":16},"attrs":[],"properties":{"ligatures":"volume-mute, volume4","name":"volume-mute","id":297,"order":17,"prevSize":32,"code":59945},"setIdx":0,"setId":2,"iconIdx":297},{"icon":{"paths":["M960 619.148v84.852h-84.852l-107.148-107.148-107.148 107.148h-84.852v-84.852l107.148-107.148-107.148-107.148v-84.852h84.852l107.148 107.148 107.148-107.148h84.852v84.852l-107.148 107.148 107.148 107.148z","M416.006 960c-8.328 0-16.512-3.25-22.634-9.374l-246.626-246.626h-114.746c-17.672 0-32-14.326-32-32v-320c0-17.672 14.328-32 32-32h114.746l246.626-246.628c9.154-9.154 22.916-11.89 34.874-6.936 11.958 4.952 19.754 16.622 19.754 29.564v832c0 12.944-7.796 24.612-19.754 29.564-3.958 1.64-8.118 2.436-12.24 2.436z"],"attrs":[],"isMulticolor":false,"isMulticolor2":false,"tags":["volume-mute","volume","audio","player"],"defaultCode":59946,"grid":16},"attrs":[],"properties":{"ligatures":"volume-mute2, volume5","name":"volume-mute2","id":298,"order":19,"prevSize":32,"code":59946},"setIdx":0,"setId":2,"iconIdx":298},{"icon":{"paths":["M1024 576h-192v192h-128v-192h-192v-128h192v-192h128v192h192v128z","M416.006 960c-8.328 0-16.512-3.25-22.634-9.374l-246.626-246.626h-114.746c-17.672 0-32-14.326-32-32v-320c0-17.672 14.328-32 32-32h114.746l246.626-246.628c9.154-9.154 22.916-11.89 34.874-6.936 11.958 4.952 19.754 16.622 19.754 29.564v832c0 12.944-7.796 24.612-19.754 29.564-3.958 1.64-8.118 2.436-12.24 2.436z"],"attrs":[],"isMulticolor":false,"isMulticolor2":false,"tags":["volume-increase","volume","audio","speaker","player"],"defaultCode":59947,"grid":16},"attrs":[],"properties":{"ligatures":"volume-increase, volume6","name":"volume-increase","id":299,"order":18,"prevSize":32,"code":59947},"setIdx":0,"setId":2,"iconIdx":299},{"icon":{"paths":["M512 448h512v128h-512v-128z","M416.006 960c-8.328 0-16.512-3.25-22.634-9.374l-246.626-246.626h-114.746c-17.672 0-32-14.326-32-32v-320c0-17.672 14.328-32 32-32h114.746l246.626-246.628c9.154-9.154 22.916-11.89 34.874-6.936 11.958 4.952 19.754 16.622 19.754 29.564v832c0 12.944-7.796 24.612-19.754 29.564-3.958 1.64-8.118 2.436-12.24 2.436z"],"attrs":[],"isMulticolor":false,"isMulticolor2":false,"tags":["volume-decrease","volume","audio","speaker","player"],"defaultCode":59948,"grid":16},"attrs":[],"properties":{"ligatures":"volume-decrease, volume7","name":"volume-decrease","id":300,"order":20,"prevSize":32,"code":59948},"setIdx":0,"setId":2,"iconIdx":300},{"icon":{"paths":["M877.254 786.746l-530.744-530.746h229.49c35.346 0 64-28.654 64-64s-28.654-64-64-64h-384c-25.886 0-49.222 15.592-59.128 39.508-3.282 7.924-4.84 16.242-4.838 24.492h-0.034v384c0 35.346 28.654 64 64 64s64-28.654 64-64v-229.49l530.746 530.744c12.496 12.498 28.876 18.746 45.254 18.746s32.758-6.248 45.254-18.746c24.994-24.992 24.994-65.516 0-90.508z"],"attrs":[],"isMulticolor":false,"isMulticolor2":false,"tags":["arrow-up-left","up-left","arrow-top-left"],"defaultCode":59961,"grid":16},"attrs":[],"properties":{"ligatures":"arrow-up-left2, up-left2","name":"arrow-up-left2","id":313,"order":31,"prevSize":32,"code":59961},"setIdx":0,"setId":2,"iconIdx":313},{"icon":{"paths":["M877.254 402.746l-320-320c-24.992-24.994-65.514-24.994-90.508 0l-320 320c-24.994 24.994-24.994 65.516 0 90.51 24.994 24.996 65.516 24.996 90.51 0l210.744-210.746v613.49c0 35.346 28.654 64 64 64s64-28.654 64-64v-613.49l210.746 210.746c12.496 12.496 28.876 18.744 45.254 18.744s32.758-6.248 45.254-18.746c24.994-24.994 24.994-65.514 0-90.508z"],"attrs":[],"isMulticolor":false,"isMulticolor2":false,"tags":["arrow-up","up","upload","top"],"defaultCode":59962,"grid":16},"attrs":[],"properties":{"ligatures":"arrow-up2, up2","name":"arrow-up2","id":314,"order":32,"prevSize":32,"code":59962},"setIdx":0,"setId":2,"iconIdx":314},{"icon":{"paths":["M237.254 877.254l530.746-530.744v229.49c0 35.346 28.654 64 64 64s64-28.654 64-64v-384c0-25.884-15.594-49.222-39.508-59.126-7.924-3.284-16.242-4.84-24.492-4.838v-0.036h-384c-35.346 0-64 28.654-64 64 0 35.348 28.654 64 64 64h229.49l-530.744 530.746c-12.498 12.496-18.746 28.876-18.746 45.254s6.248 32.758 18.746 45.254c24.992 24.994 65.516 24.994 90.508 0z"],"attrs":[],"isMulticolor":false,"isMulticolor2":false,"tags":["arrow-up-right","up-right","arrow-top-right"],"defaultCode":59963,"grid":16},"attrs":[],"properties":{"ligatures":"arrow-up-right2, up-right2","name":"arrow-up-right2","id":315,"order":33,"prevSize":32,"code":59963},"setIdx":0,"setId":2,"iconIdx":315},{"icon":{"paths":["M621.254 877.254l320-320c24.994-24.992 24.994-65.516 0-90.51l-320-320c-24.994-24.992-65.516-24.992-90.51 0-24.994 24.994-24.994 65.516 0 90.51l210.746 210.746h-613.49c-35.346 0-64 28.654-64 64s28.654 64 64 64h613.49l-210.746 210.746c-12.496 12.496-18.744 28.876-18.744 45.254s6.248 32.758 18.744 45.254c24.994 24.994 65.516 24.994 90.51 0z"],"attrs":[],"isMulticolor":false,"isMulticolor2":false,"tags":["arrow-right","right","next"],"defaultCode":59964,"grid":16},"attrs":[],"properties":{"ligatures":"arrow-right2, right4","name":"arrow-right2","id":316,"order":30,"prevSize":32,"code":59964},"setIdx":0,"setId":2,"iconIdx":316},{"icon":{"paths":["M146.746 237.254l530.742 530.746h-229.488c-35.346 0-64 28.654-64 64s28.654 64 64 64h384c25.884 0 49.222-15.594 59.126-39.508 3.284-7.924 4.84-16.242 4.838-24.492h0.036v-384c0-35.346-28.654-64-64-64-35.348 0-64 28.654-64 64v229.49l-530.746-530.744c-12.496-12.498-28.874-18.746-45.254-18.746s-32.758 6.248-45.254 18.746c-24.994 24.992-24.994 65.516 0 90.508z"],"attrs":[],"isMulticolor":false,"isMulticolor2":false,"tags":["arrow-down-right","down-right","arrow-bottom-right"],"defaultCode":59965,"grid":16},"attrs":[],"properties":{"ligatures":"arrow-down-right2, down-right2","name":"arrow-down-right2","id":317,"order":34,"prevSize":32,"code":59965},"setIdx":0,"setId":2,"iconIdx":317},{"icon":{"paths":["M877.254 621.254l-320 320c-24.992 24.994-65.514 24.994-90.508 0l-320-320c-24.994-24.994-24.994-65.516 0-90.51 24.994-24.996 65.516-24.996 90.51 0l210.744 210.746v-613.49c0-35.346 28.654-64 64-64s64 28.654 64 64v613.49l210.746-210.746c12.496-12.496 28.876-18.744 45.254-18.744s32.758 6.248 45.254 18.746c24.994 24.994 24.994 65.514 0 90.508z"],"attrs":[],"isMulticolor":false,"isMulticolor2":false,"tags":["arrow-down","down","download","bottom"],"defaultCode":59966,"grid":16},"attrs":[],"properties":{"ligatures":"arrow-down2, down2","name":"arrow-down2","id":318,"order":35,"prevSize":32,"code":59966},"setIdx":0,"setId":2,"iconIdx":318},{"icon":{"paths":["M786.744 146.744l-530.744 530.744v-229.49c0-35.346-28.654-64-64-64s-64 28.654-64 64v384.002c0 25.886 15.592 49.222 39.508 59.128 7.924 3.282 16.242 4.84 24.492 4.836v0.036l384-0.002c35.344 0 64-28.654 64-63.998 0-35.348-28.656-64-64-64h-229.49l530.744-530.746c12.496-12.496 18.746-28.876 18.746-45.256 0-16.376-6.25-32.758-18.746-45.254-24.992-24.992-65.518-24.992-90.51 0v0z"],"attrs":[],"isMulticolor":false,"isMulticolor2":false,"tags":["arrow-down-left","down-left","arrow-bottom-left"],"defaultCode":59967,"grid":16},"attrs":[],"properties":{"ligatures":"arrow-down-left2, down-left2","name":"arrow-down-left2","id":319,"order":36,"prevSize":32,"code":59967},"setIdx":0,"setId":2,"iconIdx":319},{"icon":{"paths":["M384 64h640v128h-640v-128zM384 448h640v128h-640v-128zM384 832h640v128h-640v-128zM0 128c0-70.692 57.308-128 128-128s128 57.308 128 128c0 70.692-57.308 128-128 128s-128-57.308-128-128zM0 512c0-70.692 57.308-128 128-128s128 57.308 128 128c0 70.692-57.308 128-128 128s-128-57.308-128-128zM0 896c0-70.692 57.308-128 128-128s128 57.308 128 128c0 70.692-57.308 128-128 128s-128-57.308-128-128z"],"attrs":[],"isMulticolor":false,"isMulticolor2":false,"tags":["list","todo","bullet","menu","options"],"defaultCode":59835,"grid":16},"attrs":[],"properties":{"ligatures":"list2, todo2","name":"list2","id":187,"order":13,"prevSize":32,"code":59835},"setIdx":1,"setId":1,"iconIdx":0},{"icon":{"paths":["M425.813 170.667h-169.813v23.040l318.293 318.293-318.293 318.293v23.040h169.813l341.333-341.333-341.333-341.333z"],"attrs":[{"fill":"rgb(159, 160, 160)"}],"isMulticolor":false,"isMulticolor2":false,"grid":16,"tags":["right"],"colorPermutations":{"12812812811591601601":[{"f":1}]}},"attrs":[{"fill":"rgb(159, 160, 160)"}],"properties":{"order":12,"id":497,"name":"right","prevSize":32,"code":59650},"setIdx":1,"setId":1,"iconIdx":1},{"icon":{"paths":["M597.333 853.333h169.813v-23.040l-317.867-318.293 317.867-318.293v-23.040h-169.813l-341.333 341.333 341.333 341.333z"],"attrs":[{"fill":"rgb(159, 160, 160)"}],"isMulticolor":false,"isMulticolor2":false,"grid":16,"tags":["left"],"colorPermutations":{"12812812811591601601":[{"f":1}]}},"attrs":[{"fill":"rgb(159, 160, 160)"}],"properties":{"order":11,"id":496,"name":"left","prevSize":32,"code":59651},"setIdx":1,"setId":1,"iconIdx":2},{"icon":{"paths":["M682.667 768v-384h-128v384zM853.333 768v-384h-128v384zM908.373 298.667l-396.373-231.68-396.373 231.68s-27.307 24.747 0 42.667h792.747c6.427-4.962 10.527-12.669 10.527-21.333s-4.099-16.371-10.465-21.287zM469.333 768v-384h-128v384zM298.667 768v-384h-128v384zM881.493 810.667h-729.173l-66.987 81.92v46.080h853.333v-46.080z"],"attrs":[{"fill":"rgb(159, 160, 160)"}],"isMulticolor":false,"isMulticolor2":false,"grid":16,"tags":["about"],"colorPermutations":{"12812812811591601601":[{"f":1}]}},"attrs":[{"fill":"rgb(159, 160, 160)"}],"properties":{"order":6,"id":495,"name":"about","prevSize":32,"code":59648},"setIdx":1,"setId":1,"iconIdx":3},{"icon":{"paths":["M85.333 508.16s26.88 49.493 85.333 0l348.16-294.827 327.253 293.547c67.413 48.64 93.013 0 93.013 0l-420.267-381.013z","M810.667 213.333h-85.333l0.427 101.973 84.907 71.253v-173.227z","M810.667 555.947l-298.667-256-298.667 256v382.72h213.333v-298.667h170.667v298.667h213.333v-382.72z"],"attrs":[{"fill":"rgb(159, 160, 160)"},{"fill":"rgb(159, 160, 160)"},{"fill":"rgb(159, 160, 160)"}],"isMulticolor":false,"isMulticolor2":false,"grid":16,"tags":["home"],"colorPermutations":{"12812812811591601601":[{"f":1},{"f":1},{"f":1}]}},"attrs":[{"fill":"rgb(159, 160, 160)"},{"fill":"rgb(159, 160, 160)"},{"fill":"rgb(159, 160, 160)"}],"properties":{"order":7,"id":494,"name":"home","prevSize":32,"code":59649,"codes":[59649,59650,59651]},"setIdx":1,"setId":1,"iconIdx":4},{"icon":{"paths":["M526.507 714.24c-181.76-13.227-323.84-128-323.84-267.52 1.033-45.119 13.74-87.060 35.201-123.192-89.559 32.932-152.055 116.41-152.107 214.492-0 95.58 114.773 182.193 228.693 213.34 0 0 26.453 46.080-28.16 109.227 50.842-27.799 94.736-58.494 134.899-93.373 6.754-5.187 28.088-3.48 30.648-3.48 46.999-3.037 90.579-14.675 130.185-33.353l-14.985-9.314z","M938.667 411.307c7.253-153.173-146.347-272.64-361.387-263.68-170.667 0-311.893 139.947-311.893 269.227 0 121.6 123.733 221.44 281.6 232.96 0.111-0 0.242-0.001 0.373-0.001 11.996 0 23.628 1.557 34.706 4.479 41.302 36.956 88.554 70.332 139.162 98.393-53.921-65.751-25.761-114.818-25.761-114.818 119.893-31.573 243.2-125.867 243.2-226.56z"],"attrs":[{"fill":"rgb(159, 160, 160)"},{"fill":"rgb(159, 160, 160)"}],"isMulticolor":false,"isMulticolor2":false,"grid":16,"tags":["fqa"],"colorPermutations":{"12812812811591601601":[{"f":1},{"f":1}]}},"attrs":[{"fill":"rgb(159, 160, 160)"},{"fill":"rgb(159, 160, 160)"}],"properties":{"order":8,"id":493,"name":"faq","prevSize":32,"code":59652},"setIdx":1,"setId":1,"iconIdx":5},{"icon":{"paths":["M896 896v-545.707h-215.893v-264.96h-344.747v264.96h-207.36v545.707l298.667-2.56v-165.973h175.787v170.667zM155.307 389.12h77.227v77.227h-77.227zM233.813 758.613h-77.227v-75.947h77.227zM233.813 658.773h-77.227v-76.8h77.227zM233.813 561.493h-77.227v-76.8h77.227zM250.453 390.827h76.8v77.227h-77.227zM328.533 759.040h-77.227v-76.373h77.227zM328.533 659.2h-77.227v-77.227h77.227zM328.533 561.92h-77.227v-77.227h77.227zM376.747 144.213h116.48v116.907h-116.48zM494.933 703.573h-116.48v-116.907h116.48zM494.933 552.533h-116.48v-116.48h116.48zM494.933 405.333h-116.48v-116.48h116.48zM520.107 144.213h116.907v116.907h-116.907zM640 703.573h-118.187v-116.907h118.187zM640 554.667h-118.187v-118.613h118.187zM640 405.333h-118.187v-116.48h118.187zM696.747 389.12h77.227v77.227h-78.507zM775.253 758.613h-78.507v-75.947h77.227zM775.253 658.773h-78.507v-76.8h77.227zM775.253 561.493h-78.507v-76.8h77.227zM791.893 390.827h77.227v77.227h-78.933zM870.4 760.32h-78.933v-77.653h77.227zM870.4 660.48h-78.933v-78.507h77.227zM870.4 563.2h-78.933v-78.507h77.227z","M426.667 938.667l170.667-0.427v-42.24l-170.667 0.427v42.24z"],"attrs":[{"fill":"rgb(159, 160, 160)"},{"fill":"rgb(159, 160, 160)"}],"isMulticolor":false,"isMulticolor2":false,"grid":16,"tags":["setlement"],"colorPermutations":{"12812812811591601601":[{"f":1},{"f":1}]}},"attrs":[{"fill":"rgb(159, 160, 160)"},{"fill":"rgb(159, 160, 160)"}],"properties":{"order":9,"id":492,"name":"setlement","prevSize":32,"code":59653},"setIdx":1,"setId":1,"iconIdx":6},{"icon":{"paths":["M917.806 229.076c-22.212-30.292-53.174-65.7-87.178-99.704s-69.412-64.964-99.704-87.178c-51.574-37.82-76.592-42.194-90.924-42.194h-496c-44.112 0-80 35.888-80 80v864c0 44.112 35.888 80 80 80h736c44.112 0 80-35.888 80-80v-624c0-14.332-4.372-39.35-42.194-90.924zM785.374 174.626c30.7 30.7 54.8 58.398 72.58 81.374h-153.954v-153.946c22.984 17.78 50.678 41.878 81.374 72.572zM896 944c0 8.672-7.328 16-16 16h-736c-8.672 0-16-7.328-16-16v-864c0-8.672 7.328-16 16-16 0 0 495.956-0.002 496 0v224c0 17.672 14.326 32 32 32h224v624z","M736 832h-448c-17.672 0-32-14.326-32-32s14.328-32 32-32h448c17.674 0 32 14.326 32 32s-14.326 32-32 32z","M736 704h-448c-17.672 0-32-14.326-32-32s14.328-32 32-32h448c17.674 0 32 14.326 32 32s-14.326 32-32 32z","M736 576h-448c-17.672 0-32-14.326-32-32s14.328-32 32-32h448c17.674 0 32 14.326 32 32s-14.326 32-32 32z"],"tags":["file-text","file","document","list","paper","page"],"defaultCode":59686,"grid":16,"attrs":[],"colorPermutations":{"12812812811591601601":[]}},"attrs":[],"properties":{"ligatures":"file-text2, file4","name":"file-text2","order":10,"id":39,"prevSize":32,"code":59686},"setIdx":1,"setId":1,"iconIdx":7},{"icon":{"paths":["M85.333 170.667h213.333v170.667h-213.333v-170.667z","M85.333 426.667h213.333v170.667h-213.333v-170.667z","M384 426.667h554.667v170.667h-554.667v-170.667z","M85.333 682.667h213.333v170.667h-213.333v-170.667z","M384 682.667h554.667v170.667h-554.667v-170.667z","M384 170.667h554.667v170.667h-554.667v-170.667z"],"tags":["info","information"],"defaultCode":59916,"grid":16,"attrs":[{"fill":"rgb(159, 160, 160)"},{"fill":"rgb(159, 160, 160)"},{"fill":"rgb(159, 160, 160)"},{"fill":"rgb(159, 160, 160)"},{"fill":"rgb(159, 160, 160)"},{"fill":"rgb(159, 160, 160)"}],"colorPermutations":{"12812812811591601601":[]}},"attrs":[{"fill":"rgb(159, 160, 160)"},{"fill":"rgb(159, 160, 160)"},{"fill":"rgb(159, 160, 160)"},{"fill":"rgb(159, 160, 160)"},{"fill":"rgb(159, 160, 160)"},{"fill":"rgb(159, 160, 160)"}],"properties":{"ligatures":"info, information","name":"info","order":5,"id":269,"prevSize":32,"code":59916},"setIdx":1,"setId":1,"iconIdx":8}],"height":1024,"metadata":{"name":"icomoon"},"preferences":{"showGlyphs":true,"showQuickUse":true,"showQuickUse2":true,"showSVGs":true,"fontPref":{"prefix":"icon-","metadata":{"fontFamily":"icomoon"},"metrics":{"emSize":1024,"baseline":6.25,"whitespace":50},"embed":false,"resetPoint":59648},"imagePref":{"prefix":"icon-","png":true,"useClassSelector":true,"color":0,"bgColor":16777215,"classSelector":".icon","name":"icomoon"},"historySize":100,"showCodes":true,"gridSize":16}}